week,order_ID,item_name,amount,price_unit,price_total,item_type,category,day,time,store_type,store_name,promo,reorder,item_id,type_id,order_amount,order_price,day_num,storetype_num,storename_num,cat_num,time_num,promo_num,datetime,timestamp,dates,times,times_min,dates_days
1,1,HAMBURGERBROODJES 6X55,1,0.99,0.99,sandwiches,bakery,Tuesday,evening,supermarket,Aldi,False,False,0,0,44,78.07517,4,2,1,0,1,0,2021-11-23 18:41:00,1637692860000000000,2021-11-23,18:41:00,1841,20211123
1,1,WITTE BAGUETTEN/BROODJ,1,0.39,0.39,sandwiches,bakery,Tuesday,evening,supermarket,Aldi,False,True,1,0,44,78.07517,4,2,1,0,1,0,2021-11-23 18:41:00,1637692860000000000,2021-11-23,18:41:00,1841,20211123
1,1,KEIZERBROODJES 4ST,3,0.69,2.07,sandwiches,bakery,Tuesday,evening,supermarket,Aldi,False,True,2,0,44,78.07517,4,2,1,0,1,0,2021-11-23 18:41:00,1637692860000000000,2021-11-23,18:41:00,1841,20211123
1,1,PITABROODJES 4X80G,1,0.99,0.99,pita bread,bakery,Tuesday,evening,supermarket,Aldi,False,False,3,1,44,78.07517,4,2,1,0,1,0,2021-11-23 18:41:00,1637692860000000000,2021-11-23,18:41:00,1841,20211123
1,1,PANNENKOEKENMIX 446,1,2.99,2.99,pancake mix,bakery,Tuesday,evening,supermarket,Aldi,False,False,4,2,44,78.07517,4,2,1,0,1,0,2021-11-23 18:41:00,1637692860000000000,2021-11-23,18:41:00,1841,20211123
1,3,éclair chocolade pudding,3,1.6,4.800000000000001,pastry,bakery,Sunday,noon,bakery,Wouters,False,False,5,3,8,11.1,2,0,9,0,2,0,2021-11-28 11:46:00,1638099960000000000,2021-11-28,11:46:00,1146,20211128
1,3,koffiekoek ass.,4,1.0,4.0,danish,bakery,Sunday,noon,bakery,Wouters,False,False,6,4,8,11.1,2,0,9,0,2,0,2021-11-28 11:46:00,1638099960000000000,2021-11-28,11:46:00,1146,20211128
1,3,wit tijgerbrood,1,2.3,2.3,bread,bakery,Sunday,noon,bakery,Wouters,False,False,7,5,8,11.1,2,0,9,0,2,0,2021-11-28 11:46:00,1638099960000000000,2021-11-28,11:46:00,1146,20211128
2,4,BONI brood keizer 6x50g,2,0.74,1.48,sandwiches,bakery,Wednesday,evening,supermarket,Colruyt,False,True,8,0,53,83.10005199999999,5,2,2,0,1,0,2021-12-01 19:00:00,1638385200000000000,2021-12-01,19:00:00,1900,20211201
2,4,BONI ciabatta voorgebakken 300g,1,0.47,0.47,sandwiches,bakery,Wednesday,evening,supermarket,Colruyt,False,True,9,0,53,83.10005199999999,5,2,2,0,1,0,2021-12-01 19:00:00,1638385200000000000,2021-12-01,19:00:00,1900,20211201
2,4,EVERYDAY chocoladebroodjes 8st 360g,1,1.4,1.4,danish,bakery,Wednesday,evening,supermarket,Colruyt,False,True,10,4,53,83.10005199999999,5,2,2,0,1,0,2021-12-01 19:00:00,1638385200000000000,2021-12-01,19:00:00,1900,20211201
2,5,MINI TIJGER,6,0.4,2.4000000000000004,sandwiches,bakery,Sunday,noon,bakery,Vanessa,False,True,11,0,8,4.6000000000000005,2,0,8,0,3,0,2021-12-05 12:58:00,1638709080000000000,2021-12-05,12:58:00,1258,20211205
2,5,CRÈME CHOCOLADE,1,1.1,1.1,danish,bakery,Sunday,noon,bakery,Vanessa,False,True,12,4,8,4.6000000000000005,2,0,8,0,3,0,2021-12-05 12:58:00,1638709080000000000,2021-12-05,12:58:00,1258,20211205
2,5,LANG ROZIJN,1,1.1,1.1,danish,bakery,Sunday,noon,bakery,Vanessa,False,True,13,4,8,4.6000000000000005,2,0,8,0,3,0,2021-12-05 12:58:00,1638709080000000000,2021-12-05,12:58:00,1258,20211205
3,6,Koffiekoeken,2,1.15,2.3,danish,bakery,Tuesday,noon,bakery,Tine,False,True,14,4,3,4.0,4,0,6,0,3,0,2021-12-07 12:06:00,1638878760000000000,2021-12-07,12:06:00,1206,20211207
3,6,Klein wit,1,1.7,1.7,bread,bakery,Tuesday,noon,bakery,Tine,False,True,15,5,3,4.0,4,0,6,0,3,0,2021-12-07 12:06:00,1638878760000000000,2021-12-07,12:06:00,1206,20211207
3,7,KEIZERBROODJES 4ST,1,0.69,0.69,sandwiches,bakery,Tuesday,afternoon,supermarket,Aldi,False,True,2,0,24,57.44,4,2,1,0,0,0,2021-12-07 17:16:00,1638897360000000000,2021-12-07,17:16:00,1716,20211207
3,7,WITTE BAGUETTEN/BROODJ,1,0.39,0.39,sandwiches,bakery,Tuesday,afternoon,supermarket,Aldi,False,True,1,0,24,57.44,4,2,1,0,0,0,2021-12-07 17:16:00,1638897360000000000,2021-12-07,17:16:00,1716,20211207
3,7,BAKKERSBROODJES 8X70G,1,1.19,1.19,sandwiches,bakery,Tuesday,afternoon,supermarket,Aldi,False,True,16,0,24,57.44,4,2,1,0,0,0,2021-12-07 17:16:00,1638897360000000000,2021-12-07,17:16:00,1716,20211207
3,7,BRESILIENNETAART 48E,1,6.99,6.99,pie,bakery,Tuesday,afternoon,supermarket,Aldi,True,False,17,6,24,57.44,4,2,1,0,0,1,2021-12-07 17:16:00,1638897360000000000,2021-12-07,17:16:00,1716,20211207
4,8,WITTE BAGUETTEN/BROODJ,1,0.39,0.39,sandwiches,bakery,Monday,afternoon,supermarket,Aldi,False,True,1,0,3,5.07,1,2,1,0,0,0,2021-12-13 17:01:00,1639414860000000000,2021-12-13,17:01:00,1701,20211213
4,8,KEIZERBROODJES 4ST,1,0.69,0.69,sandwiches,bakery,Monday,afternoon,supermarket,Aldi,False,True,2,0,3,5.07,1,2,1,0,0,0,2021-12-13 17:01:00,1639414860000000000,2021-12-13,17:01:00,1701,20211213
4,9,KANEELBRDJE,1,0.75,0.75,danish,bakery,Monday,afternoon,supermarket,Albert Heijn,False,True,18,4,5,11.31,1,2,0,0,0,0,2021-12-17 15:06:00,1639753560000000000,2021-12-17,15:06:00,1506,20211217
4,9,TIJGER HLF,1,1.19,1.19,bread,bakery,Monday,afternoon,supermarket,Albert Heijn,False,True,19,5,5,11.31,1,2,0,0,0,0,2021-12-17 15:06:00,1639753560000000000,2021-12-17,15:06:00,1506,20211217
5,10,BONI wraps 6st 370g,1,0.99,0.99,wraps,bakery,Monday,evening,supermarket,Colruyt,False,False,20,7,39,59.076885,1,2,2,0,1,0,2022-01-10 18:45:00,1641840300000000000,2022-01-10,18:45:00,1845,20220110
5,10,BONI brood keizer 6x50g,3,0.68,2.04,sandwiches,bakery,Monday,evening,supermarket,Colruyt,False,True,8,0,39,59.076885,1,2,2,0,1,0,2022-01-10 18:45:00,1641840300000000000,2022-01-10,18:45:00,1845,20220110
6,11,BONI brood keizer 6x50g,1,0.75,0.75,sandwiches,bakery,Monday,evening,supermarket,Colruyt,False,True,8,0,46,82.691596,1,2,2,0,1,0,2022-01-17 18:16:00,1642443360000000000,2022-01-17,18:16:00,1816,20220117
6,11,EVERYDAY stokbr wit voorgeb 6st 300g,2,0.35,0.7,bread,bakery,Monday,evening,supermarket,Colruyt,False,True,21,5,46,82.691596,1,2,2,0,1,0,2022-01-17 18:16:00,1642443360000000000,2022-01-17,18:16:00,1816,20220117
7,12,BONI brood keizer 6x50g,2,0.75,1.5,sandwiches,bakery,Wednesday,afternoon,supermarket,Colruyt,False,True,8,0,28,57.116077,5,2,2,0,0,0,2022-01-26 16:58:00,1643216280000000000,2022-01-26,16:58:00,1658,20220126
7,12,BONI pitabroodjes voorgebakken 6st 480g,1,0.76,0.76,pita bread,bakery,Wednesday,afternoon,supermarket,Colruyt,False,True,22,1,28,57.116077,5,2,2,0,0,0,2022-01-26 16:58:00,1643216280000000000,2022-01-26,16:58:00,1658,20220126
7,15,MINI TIJGER,4,0.4,1.6,sandwiches,bakery,Sunday,noon,bakery,Vanessa,False,True,11,0,7,6.2,2,0,8,0,3,0,2022-01-30 12:43:00,1643546580000000000,2022-01-30,12:43:00,1243,20220130
7,15,ABRIKOOS VIERKANT,1,1.1,1.1,danish,bakery,Sunday,noon,bakery,Vanessa,False,True,23,4,7,6.2,2,0,8,0,3,0,2022-01-30 12:43:00,1643546580000000000,2022-01-30,12:43:00,1243,20220130
7,15,CHOCOLADE BROODJE,1,1.1,1.1,danish,bakery,Sunday,noon,bakery,Vanessa,False,True,24,4,7,6.2,2,0,8,0,3,0,2022-01-30 12:43:00,1643546580000000000,2022-01-30,12:43:00,1243,20220130
7,15,GR LANG WIT,1,2.4,2.4,bread,bakery,Sunday,noon,bakery,Vanessa,False,True,25,5,7,6.2,2,0,8,0,3,0,2022-01-30 12:43:00,1643546580000000000,2022-01-30,12:43:00,1243,20220130
8,16,BONI brood keizer 6x50g,3,0.68,2.04,sandwiches,bakery,Wednesday,evening,supermarket,Colruyt,False,True,8,0,54,118.65543,5,2,2,0,1,0,2022-02-02 18:04:00,1643825040000000000,2022-02-02,18:04:00,1804,20220202
8,16,EVERYDAY bloem tarwe 1kg,1,0.39,0.39,flour,bakery,Wednesday,evening,supermarket,Colruyt,False,False,26,8,54,118.65543,5,2,2,0,1,0,2022-02-02 18:04:00,1643825040000000000,2022-02-02,18:04:00,1804,20220202
8,17,49G DOONY'S SUIKERDONUTS,2,0.99,1.98,donuts,bakery,Thursday,afternoon,supermarket,Delhaize,False,False,27,9,8,16.48,3,2,3,0,0,0,2022-02-03 15:12:00,1643901120000000000,2022-02-03,15:12:00,1512,20220203
8,17,GI WIT STOKBROOD,1,0.89,0.89,bread,bakery,Thursday,afternoon,supermarket,Delhaize,False,True,28,5,8,16.48,3,2,3,0,0,0,2022-02-03 15:12:00,1643901120000000000,2022-02-03,15:12:00,1512,20220203
8,18,PISTOLETS MIX,2,0.6,1.2,sandwiches,bakery,Sunday,noon,bakery,Vanessa,False,True,29,0,7,7.550000000000001,2,0,8,0,3,0,2022-02-06 12:31:00,1644150660000000000,2022-02-06,12:31:00,1231,20220206
8,18,CROISSANT,2,1.15,2.3,danish,bakery,Sunday,noon,bakery,Vanessa,False,True,30,4,7,7.550000000000001,2,0,8,0,3,0,2022-02-06 12:31:00,1644150660000000000,2022-02-06,12:31:00,1231,20220206
8,18,KOEKEN MIX,2,1.1,2.2,danish,bakery,Sunday,noon,bakery,Vanessa,False,True,31,4,7,7.550000000000001,2,0,8,0,3,0,2022-02-06 12:31:00,1644150660000000000,2022-02-06,12:31:00,1231,20220206
8,18,KL LANG GROF MZ,1,1.85,1.85,bread,bakery,Sunday,noon,bakery,Vanessa,False,True,32,5,7,7.550000000000001,2,0,8,0,3,0,2022-02-06 12:31:00,1644150660000000000,2022-02-06,12:31:00,1231,20220206
1,1,ROYCO POMPOEN/TOMAAT,1,1.55,1.55,soup,beverages,Tuesday,evening,supermarket,Aldi,False,False,33,10,44,78.07517,4,2,1,1,1,0,2021-11-23 18:41:00,1637692860000000000,2021-11-23,18:41:00,1841,20211123
1,1,ROYCO STGERMAIN3ST/KIP,1,1.55,1.55,soup,beverages,Tuesday,evening,supermarket,Aldi,False,True,34,10,44,78.07517,4,2,1,1,1,0,2021-11-23 18:41:00,1637692860000000000,2021-11-23,18:41:00,1841,20211123
1,1,ICED TEA GREEN 6X33CL,1,2.15,2.15,ice tea,beverages,Tuesday,evening,supermarket,Aldi,False,False,35,11,44,78.07517,4,2,1,1,1,0,2021-11-23 18:41:00,1637692860000000000,2021-11-23,18:41:00,1841,20211123
2,4,LIPTON Blue Fruits/Citrus 20st,1,2.59,2.59,tea,beverages,Wednesday,evening,supermarket,Colruyt,False,False,36,12,53,83.10005199999999,5,2,2,1,1,0,2021-12-01 19:00:00,1638385200000000000,2021-12-01,19:00:00,1900,20211201
2,4,ROYCO CRUNCHY soep asperge 3st,1,1.67,1.67,soup,beverages,Wednesday,evening,supermarket,Colruyt,False,True,37,10,53,83.10005199999999,5,2,2,1,1,0,2021-12-01 19:00:00,1638385200000000000,2021-12-01,19:00:00,1900,20211201
2,4,ROYCO CRUNCHY soep gevogelte 3st,1,1.69,1.69,soup,beverages,Wednesday,evening,supermarket,Colruyt,False,True,38,10,53,83.10005199999999,5,2,2,1,1,0,2021-12-01 19:00:00,1638385200000000000,2021-12-01,19:00:00,1900,20211201
2,4,"LIPTON Ice Tea Original bruisend 1,5l",8,1.63,13.04,ice tea,beverages,Wednesday,evening,supermarket,Colruyt,False,True,39,11,53,83.10005199999999,5,2,2,1,1,0,2021-12-01 19:00:00,1638385200000000000,2021-12-01,19:00:00,1900,20211201
2,4,NALU energiedrank 25cl,12,0.948,11.376,energy drink,beverages,Wednesday,evening,supermarket,Colruyt,False,False,40,13,53,83.10005199999999,5,2,2,1,1,0,2021-12-01 19:00:00,1638385200000000000,2021-12-01,19:00:00,1900,20211201
5,10,TROPICO exotique 33cl,6,0.75,4.5,juice,beverages,Monday,evening,supermarket,Colruyt,False,False,41,14,39,59.076885,1,2,2,1,1,0,2022-01-10 18:45:00,1641840300000000000,2022-01-10,18:45:00,1845,20220110
6,11,BONI sinaasappelsap pulp 1L,2,2.39,4.78,juice,beverages,Monday,evening,supermarket,Colruyt,False,True,42,14,46,82.691596,1,2,2,1,1,0,2022-01-17 18:16:00,1642443360000000000,2022-01-17,18:16:00,1816,20220117
6,11,TROPICO exotique 33cl,6,0.75,4.5,juice,beverages,Monday,evening,supermarket,Colruyt,False,True,41,14,46,82.691596,1,2,2,1,1,0,2022-01-17 18:16:00,1642443360000000000,2022-01-17,18:16:00,1816,20220117
6,11,"LIPTON ice tea original bruisend 1,5L",8,1.63,13.04,ice tea,beverages,Monday,evening,supermarket,Colruyt,False,True,43,11,46,82.691596,1,2,2,1,1,0,2022-01-17 18:16:00,1642443360000000000,2022-01-17,18:16:00,1816,20220117
8,16,GINI 33cl,6,0.648,3.888,soft drink,beverages,Wednesday,evening,supermarket,Colruyt,False,False,44,15,54,118.65543,5,2,2,1,1,0,2022-02-02 18:04:00,1643825040000000000,2022-02-02,18:04:00,1804,20220202
8,16,EVERYDAY sinaasappelsap brik 10x20cl,1,1.7,1.7,juice,beverages,Wednesday,evening,supermarket,Colruyt,False,True,45,14,54,118.65543,5,2,2,1,1,0,2022-02-02 18:04:00,1643825040000000000,2022-02-02,18:04:00,1804,20220202
8,16,BONI sinaas pulp 100% puur sap brik 1L,2,1.74,3.48,juice,beverages,Wednesday,evening,supermarket,Colruyt,False,True,46,14,54,118.65543,5,2,2,1,1,0,2022-02-02 18:04:00,1643825040000000000,2022-02-02,18:04:00,1804,20220202
8,16,"LIPTON ICE TEA ZERO bruisend 1,5L",6,1.83,10.98,ice tea,beverages,Wednesday,evening,supermarket,Colruyt,False,True,47,11,54,118.65543,5,2,2,1,1,0,2022-02-02 18:04:00,1643825040000000000,2022-02-02,18:04:00,1804,20220202
2,4,JAQUES matinettes melk 128g,2,1.75,3.5,breakfast chocolate,breakfast & spreads,Wednesday,evening,supermarket,Colruyt,False,False,48,16,53,83.10005199999999,5,2,2,2,1,0,2021-12-01 19:00:00,1638385200000000000,2021-12-01,19:00:00,1900,20211201
6,11,JACQUES matinettes melk 128g,1,1.37,1.37,breakfast chocolate,breakfast & spreads,Monday,evening,supermarket,Colruyt,False,True,49,16,46,82.691596,1,2,2,2,1,0,2022-01-17 18:16:00,1642443360000000000,2022-01-17,18:16:00,1816,20220117
7,12,KELLOGG'S EXTRA crun.muesli choc. 500g,2,4.41,8.82,muesli,breakfast & spreads,Wednesday,afternoon,supermarket,Colruyt,False,False,50,17,28,57.116077,5,2,2,2,0,0,2022-01-26 16:58:00,1643216280000000000,2022-01-26,16:58:00,1658,20220126
7,12,JACQUES matinettes melk 128g,2,1.75,3.5,breakfast chocolate,breakfast & spreads,Wednesday,afternoon,supermarket,Colruyt,False,True,49,16,28,57.116077,5,2,2,2,0,0,2022-01-26 16:58:00,1643216280000000000,2022-01-26,16:58:00,1658,20220126
6,11,ROYCO CRUNCHY soep asperge 3st,1,1.89,1.89,soup,canned foods,Monday,evening,supermarket,Colruyt,False,True,37,10,46,82.691596,1,2,2,3,1,0,2022-01-17 18:16:00,1642443360000000000,2022-01-17,18:16:00,1816,20220117
6,11,BONI appelmousseline bok 200g,1,0.65,0.65,apple sauce,canned foods,Monday,evening,supermarket,Colruyt,False,False,51,18,46,82.691596,1,2,2,3,1,0,2022-01-17 18:16:00,1642443360000000000,2022-01-17,18:16:00,1816,20220117
8,16,EVERYDAY tomatenstukjes 400g,6,0.35,2.1,diced tomatoes,canned foods,Wednesday,evening,supermarket,Colruyt,False,False,52,19,54,118.65543,5,2,2,3,1,0,2022-02-02 18:04:00,1643825040000000000,2022-02-02,18:04:00,1804,20220202
1,1,TANDENBORSTELS 2ST,1,0.59,0.59,toothbrush,care & hygiene,Tuesday,evening,supermarket,Aldi,False,False,53,20,44,78.07517,4,2,1,4,1,0,2021-11-23 18:41:00,1637692860000000000,2021-11-23,18:41:00,1841,20211123
3,7,GARNIER UD SHAMPOO 400,1,3.99,3.99,shampoo,care & hygiene,Tuesday,afternoon,supermarket,Aldi,False,False,54,21,24,57.44,4,2,1,4,0,0,2021-12-07 17:16:00,1638897360000000000,2021-12-07,17:16:00,1716,20211207
7,12,EVERYDAY tandenborstel medium 4st,1,0.35,0.35,toothbrush,care & hygiene,Wednesday,afternoon,supermarket,Colruyt,False,True,55,20,28,57.116077,5,2,2,4,0,0,2022-01-26 16:58:00,1643216280000000000,2022-01-26,16:58:00,1658,20220126
7,12,BONI flosdraad munt fluor 50m,1,1.49,1.49,floss,care & hygiene,Wednesday,afternoon,supermarket,Colruyt,False,False,56,22,28,57.116077,5,2,2,4,0,0,2022-01-26 16:58:00,1643216280000000000,2022-01-26,16:58:00,1658,20220126
1,1,CURRYSAUS 510G,1,0.99,0.99,curry sauce,condiments,Tuesday,evening,supermarket,Aldi,False,False,57,23,44,78.07517,4,2,1,5,1,0,2021-11-23 18:41:00,1637692860000000000,2021-11-23,18:41:00,1841,20211123
5,10,SHARWOODS kormasaus 420g,1,4.75,4.75,korma sauce,condiments,Monday,evening,supermarket,Colruyt,False,False,58,24,39,59.076885,1,2,2,5,1,0,2022-01-10 18:45:00,1641840300000000000,2022-01-10,18:45:00,1845,20220110
5,10,BONI guacamole mild 200g,1,2.91,2.91,guacamole,condiments,Monday,evening,supermarket,Colruyt,False,False,59,25,39,59.076885,1,2,2,5,1,0,2022-01-10 18:45:00,1641840300000000000,2022-01-10,18:45:00,1845,20220110
7,12,BONI groene pesto 190g,1,0.99,0.99,pesto,condiments,Wednesday,afternoon,supermarket,Colruyt,False,False,60,26,28,57.116077,5,2,2,5,0,0,2022-01-26 16:58:00,1643216280000000000,2022-01-26,16:58:00,1658,20220126
7,13,WASABI PASTE JH FOODS 43GR,1,1.55,1.55,wasabi,condiments,Thursday,afternoon,supermarket,Food Factory,False,False,61,27,14,61.85,3,2,4,5,0,0,2022-01-27 16:51:00,1643302260000000000,2022-01-27,16:51:00,1651,20220127
7,13,KIKKOMAN TERIYAKI SAUCE 250ML,1,4.25,4.25,teriyaki sauce,condiments,Thursday,afternoon,supermarket,Food Factory,False,False,62,28,14,61.85,3,2,4,5,0,0,2022-01-27 16:51:00,1643302260000000000,2022-01-27,16:51:00,1651,20220127
7,13,KIKKOMAN SOY SAUCE 500ML-PET,1,5.75,5.75,soy sauce,condiments,Thursday,afternoon,supermarket,Food Factory,False,False,63,29,14,61.85,3,2,4,5,0,0,2022-01-27 16:51:00,1643302260000000000,2022-01-27,16:51:00,1651,20220127
7,13,HEALTHY BOY OYSTER SAUCE 700ML,1,2.85,2.85,oyster sauce,condiments,Thursday,afternoon,supermarket,Food Factory,False,False,64,30,14,61.85,3,2,4,5,0,0,2022-01-27 16:51:00,1643302260000000000,2022-01-27,16:51:00,1651,20220127
7,13,LKK SWEET HOISIN SAUS 567GR,1,3.2,3.2,hoisin sauce,condiments,Thursday,afternoon,supermarket,Food Factory,False,False,65,31,14,61.85,3,2,4,5,0,0,2022-01-27 16:51:00,1643302260000000000,2022-01-27,16:51:00,1651,20220127
8,17,MI GUACAMOLE 200GR,1,3.0,3.0,guacamole,condiments,Thursday,afternoon,supermarket,Delhaize,False,True,66,25,8,16.48,3,2,3,5,0,0,2022-02-03 15:12:00,1643901120000000000,2022-02-03,15:12:00,1512,20220203
5,10,BONI olie zonnebloem 1L,1,1.65,1.65,sunflour oil,cooking aids,Monday,evening,supermarket,Colruyt,False,False,67,32,39,59.076885,1,2,2,6,1,0,2022-01-10 18:45:00,1641840300000000000,2022-01-10,18:45:00,1845,20220110
5,10,POCO LOCO mexican fajita mix 40g,1,1.39,1.39,spice mix,cooking aids,Monday,evening,supermarket,Colruyt,False,False,68,33,39,59.076885,1,2,2,6,1,0,2022-01-10 18:45:00,1641840300000000000,2022-01-10,18:45:00,1845,20220110
5,10,POCO LOCO hot taco spice mix 40g,1,1.39,1.39,spice mix,cooking aids,Monday,evening,supermarket,Colruyt,False,True,69,33,39,59.076885,1,2,2,6,1,0,2022-01-10 18:45:00,1641840300000000000,2022-01-10,18:45:00,1845,20220110
7,13,BROODKRUIM PANKO OBENTO 200GR,1,1.95,1.95,breadcrumbs,cooking aids,Thursday,afternoon,supermarket,Food Factory,False,False,70,34,14,61.85,3,2,4,6,0,0,2022-01-27 16:51:00,1643302260000000000,2022-01-27,16:51:00,1651,20220127
7,13,MEE CHUN 5-SPICE POWDER 50GR,1,1.35,1.35,5-spice powder,cooking aids,Thursday,afternoon,supermarket,Food Factory,False,False,71,35,14,61.85,3,2,4,6,0,0,2022-01-27 16:51:00,1643302260000000000,2022-01-27,16:51:00,1651,20220127
8,16,BONI sesamolie 25cl,1,2.49,2.49,seseame oil,cooking aids,Wednesday,evening,supermarket,Colruyt,True,False,72,36,54,118.65543,5,2,2,6,1,1,2022-02-02 18:04:00,1643825040000000000,2022-02-02,18:04:00,1804,20220202
1,1,HALFVOLLE MELK 50CL,1,0.47,0.47,milk,dairy & plant based,Tuesday,evening,supermarket,Aldi,False,False,73,37,44,78.07517,4,2,1,7,1,0,2021-11-23 18:41:00,1637692860000000000,2021-11-23,18:41:00,1841,20211123
1,1,WATOU PER KG,1,4.525169999999999,4.525169999999999,cheese,dairy & plant based,Tuesday,evening,supermarket,Aldi,False,False,74,38,44,78.07517,4,2,1,7,1,0,2021-11-23 18:41:00,1637692860000000000,2021-11-23,18:41:00,1841,20211123
1,1,BUTELLA OMEGA 3 250G,1,0.49,0.49,butter,dairy & plant based,Tuesday,evening,supermarket,Aldi,False,False,75,39,44,78.07517,4,2,1,7,1,0,2021-11-23 18:41:00,1637692860000000000,2021-11-23,18:41:00,1841,20211123
2,4,BONI Belgische scharreleieren L 6st,1,1.79,1.79,eggs,dairy & plant based,Wednesday,evening,supermarket,Colruyt,False,False,76,40,53,83.10005199999999,5,2,2,7,1,0,2021-12-01 19:00:00,1638385200000000000,2021-12-01,19:00:00,1900,20211201
2,4,EVERYDAY verse kaas look &f. kruiden 150g,1,0.59,0.59,cream cheese,dairy & plant based,Wednesday,evening,supermarket,Colruyt,False,False,77,41,53,83.10005199999999,5,2,2,7,1,0,2021-12-01 19:00:00,1638385200000000000,2021-12-01,19:00:00,1900,20211201
2,4,CAPRICE DES DIEUX kaas zacht 300g,1,4.55,4.55,cheese,dairy & plant based,Wednesday,evening,supermarket,Colruyt,False,True,78,38,53,83.10005199999999,5,2,2,7,1,0,2021-12-01 19:00:00,1638385200000000000,2021-12-01,19:00:00,1900,20211201
5,10,BONI om te smeren light vlootje 250g,1,0.49,0.49,margarine,dairy & plant based,Monday,evening,supermarket,Colruyt,False,False,79,42,39,59.076885,1,2,2,7,1,0,2022-01-10 18:45:00,1641840300000000000,2022-01-10,18:45:00,1845,20220110
5,10,EVERYDAY emmental geraspt 500g,1,2.73,2.73,cheese,dairy & plant based,Monday,evening,supermarket,Colruyt,False,True,80,38,39,59.076885,1,2,2,7,1,0,2022-01-10 18:45:00,1641840300000000000,2022-01-10,18:45:00,1845,20220110
5,10,CAPRICE DES DIEUX kaas zacht 300g,1,4.55,4.55,cheese,dairy & plant based,Monday,evening,supermarket,Colruyt,False,True,78,38,39,59.076885,1,2,2,7,1,0,2022-01-10 18:45:00,1641840300000000000,2022-01-10,18:45:00,1845,20220110
6,11,BONI zure room 15% vet 20cl,1,0.99,0.99,sour cream,dairy & plant based,Monday,evening,supermarket,Colruyt,False,False,81,43,46,82.691596,1,2,2,7,1,0,2022-01-17 18:16:00,1642443360000000000,2022-01-17,18:16:00,1816,20220117
6,11,BONI halfvolle melk PET 50cl,1,0.448,0.448,milk,dairy & plant based,Monday,evening,supermarket,Colruyt,False,True,82,37,46,82.691596,1,2,2,7,1,0,2022-01-17 18:16:00,1642443360000000000,2022-01-17,18:16:00,1816,20220117
6,11,BONI belgische scharreleieren L 6st,1,1.99,1.99,eggs,dairy & plant based,Monday,evening,supermarket,Colruyt,False,True,83,40,46,82.691596,1,2,2,7,1,0,2022-01-17 18:16:00,1642443360000000000,2022-01-17,18:16:00,1816,20220117
6,11,EVERYDAY kaas gouda jong blokjes 280g,1,2.89,2.89,cheese,dairy & plant based,Monday,evening,supermarket,Colruyt,False,True,84,38,46,82.691596,1,2,2,7,1,0,2022-01-17 18:16:00,1642443360000000000,2022-01-17,18:16:00,1816,20220117
6,11,CAPRICE DES DIEUX kaas zacht 200g,1,2.39,2.39,cheese,dairy & plant based,Monday,evening,supermarket,Colruyt,False,True,85,38,46,82.691596,1,2,2,7,1,0,2022-01-17 18:16:00,1642443360000000000,2022-01-17,18:16:00,1816,20220117
7,12,BONI halfvolle melk PET 50cl,1,0.448,0.448,milk,dairy & plant based,Wednesday,afternoon,supermarket,Colruyt,False,True,82,37,28,57.116077,5,2,2,7,0,0,2022-01-26 16:58:00,1643216280000000000,2022-01-26,16:58:00,1658,20220126
7,12,CAPRICE DES DIEUX kaas zacht 200g,1,2.39,2.39,cheese,dairy & plant based,Wednesday,afternoon,supermarket,Colruyt,False,True,85,38,28,57.116077,5,2,2,7,0,0,2022-01-26 16:58:00,1643216280000000000,2022-01-26,16:58:00,1658,20220126
7,12,EVERYDAY mozzarella 125g,1,0.45,0.45,cheese,dairy & plant based,Wednesday,afternoon,supermarket,Colruyt,False,True,86,38,28,57.116077,5,2,2,7,0,0,2022-01-26 16:58:00,1643216280000000000,2022-01-26,16:58:00,1658,20220126
8,16,BONI halfvolle melk PET 50cl,1,0.448,0.448,milk,dairy & plant based,Wednesday,evening,supermarket,Colruyt,False,True,82,37,54,118.65543,5,2,2,7,1,0,2022-02-02 18:04:00,1643825040000000000,2022-02-02,18:04:00,1804,20220202
8,16,BONI om te smeren light vlootje 250g,1,0.55,0.55,margarine,dairy & plant based,Wednesday,evening,supermarket,Colruyt,False,True,79,42,54,118.65543,5,2,2,7,1,0,2022-02-02 18:04:00,1643825040000000000,2022-02-02,18:04:00,1804,20220202
8,16,BONI Belgische scharreleieren L 6st,1,1.99,1.99,eggs,dairy & plant based,Wednesday,evening,supermarket,Colruyt,False,True,76,40,54,118.65543,5,2,2,7,1,0,2022-02-02 18:04:00,1643825040000000000,2022-02-02,18:04:00,1804,20220202
8,16,CAPRICE DES DIEUX kaas zacht 200g,1,2.39,2.39,cheese,dairy & plant based,Wednesday,evening,supermarket,Colruyt,False,True,85,38,54,118.65543,5,2,2,7,1,0,2022-02-02 18:04:00,1643825040000000000,2022-02-02,18:04:00,1804,20220202
8,16,BONI gouda belegen bl.weide ca.1kg,1,7.491120000000001,7.491120000000001,cheese,dairy & plant based,Wednesday,evening,supermarket,Colruyt,False,True,87,38,54,118.65543,5,2,2,7,1,0,2022-02-02 18:04:00,1643825040000000000,2022-02-02,18:04:00,1804,20220202
1,1,IJSSTICKES STAR SELECT,2,1.79,3.58,popsicles,frozen foods,Tuesday,evening,supermarket,Aldi,False,False,88,44,44,78.07517,4,2,1,8,1,0,2021-11-23 18:41:00,1637692860000000000,2021-11-23,18:41:00,1841,20211123
1,1,PIZZA MOZARELLA 2X335G,1,2.49,2.49,pizza,frozen foods,Tuesday,evening,supermarket,Aldi,False,False,89,45,44,78.07517,4,2,1,8,1,0,2021-11-23 18:41:00,1637692860000000000,2021-11-23,18:41:00,1841,20211123
1,1,PIZZA SPECIALE 2X330G,1,2.49,2.49,pizza,frozen foods,Tuesday,evening,supermarket,Aldi,False,True,90,45,44,78.07517,4,2,1,8,1,0,2021-11-23 18:41:00,1637692860000000000,2021-11-23,18:41:00,1841,20211123
1,1,PARTY SNACKS 32X18G,1,1.89,1.89,frozen snacks,frozen foods,Tuesday,evening,supermarket,Aldi,False,False,91,46,44,78.07517,4,2,1,8,1,0,2021-11-23 18:41:00,1637692860000000000,2021-11-23,18:41:00,1841,20211123
2,4,BONI BIO erwten 600g,1,1.59,1.59,peas,frozen foods,Wednesday,evening,supermarket,Colruyt,False,False,92,47,53,83.10005199999999,5,2,2,8,1,0,2021-12-01 19:00:00,1638385200000000000,2021-12-01,19:00:00,1900,20211201
2,4,BONI pint roomijs cookie dough 500ml,1,3.59,3.59,ice cream,frozen foods,Wednesday,evening,supermarket,Colruyt,False,False,93,48,53,83.10005199999999,5,2,2,8,1,0,2021-12-01 19:00:00,1638385200000000000,2021-12-01,19:00:00,1900,20211201
2,4,BONI loempia kip 4 stuks 600g,1,3.54,3.54,eggrolls,frozen foods,Wednesday,evening,supermarket,Colruyt,False,False,94,49,53,83.10005199999999,5,2,2,8,1,0,2021-12-01 19:00:00,1638385200000000000,2021-12-01,19:00:00,1900,20211201
3,7,PIZZA SPECIALE 2X330G,1,2.49,2.49,pizza,frozen foods,Tuesday,afternoon,supermarket,Aldi,False,True,90,45,24,57.44,4,2,1,8,0,0,2021-12-07 17:16:00,1638897360000000000,2021-12-07,17:16:00,1716,20211207
3,7,PIZZA MOZARELLA 2X335G,1,2.49,2.49,cheese,frozen foods,Tuesday,afternoon,supermarket,Aldi,False,True,89,38,24,57.44,4,2,1,8,0,0,2021-12-07 17:16:00,1638897360000000000,2021-12-07,17:16:00,1716,20211207
5,10,DR. OETKER RISTORANTE pizza speciale 330g,1,1.89,1.89,pizza,frozen foods,Monday,evening,supermarket,Colruyt,False,True,95,45,39,59.076885,1,2,2,8,1,0,2022-01-10 18:45:00,1641840300000000000,2022-01-10,18:45:00,1845,20220110
5,10,DR OETKER RISTORANTE mozarella 335g,1,1.89,1.89,pizza,frozen foods,Monday,evening,supermarket,Colruyt,False,True,96,45,39,59.076885,1,2,2,8,1,0,2022-01-10 18:45:00,1641840300000000000,2022-01-10,18:45:00,1845,20220110
5,10,EVERYDAY mini vanille-ijsjes  12x50ml,1,1.89,1.89,ice cream,frozen foods,Monday,evening,supermarket,Colruyt,False,True,97,48,39,59.076885,1,2,2,8,1,0,2022-01-10 18:45:00,1641840300000000000,2022-01-10,18:45:00,1845,20220110
7,13,MOCHI HIMALAYAN SALTED CARAMEL LITTLE MOONS 192GR,1,7.75,7.75,mochi,frozen foods,Thursday,afternoon,supermarket,Food Factory,False,False,98,50,14,61.85,3,2,4,8,0,0,2022-01-27 16:51:00,1643302260000000000,2022-01-27,16:51:00,1651,20220127
7,13,KR BIBIGO BEEF BULGOGI GYOZA 600GR,1,8.1,8.1,gyoza,frozen foods,Thursday,afternoon,supermarket,Food Factory,False,False,99,51,14,61.85,3,2,4,8,0,0,2022-01-27 16:51:00,1643302260000000000,2022-01-27,16:51:00,1651,20220127
7,13,DIMSUM SIU MAI VARKEN 40ST,1,8.3,8.3,dimsum,frozen foods,Thursday,afternoon,supermarket,Food Factory,False,False,100,52,14,61.85,3,2,4,8,0,0,2022-01-27 16:51:00,1643302260000000000,2022-01-27,16:51:00,1651,20220127
7,13,DUMSUM SHUI KOUW 40ST,1,13.4,13.4,dimsum,frozen foods,Thursday,afternoon,supermarket,Food Factory,False,True,101,52,14,61.85,3,2,4,8,0,0,2022-01-27 16:51:00,1643302260000000000,2022-01-27,16:51:00,1651,20220127
8,16,DR. OETKER RISTORANTE pizza speciale 330g,1,1.89,1.89,pizza,frozen foods,Wednesday,evening,supermarket,Colruyt,False,True,95,45,54,118.65543,5,2,2,8,1,0,2022-02-02 18:04:00,1643825040000000000,2022-02-02,18:04:00,1804,20220202
8,16,DR. OETKER RISTORANTE mozzarella 335g,1,1.89,1.89,pizza,frozen foods,Wednesday,evening,supermarket,Colruyt,False,True,102,45,54,118.65543,5,2,2,8,1,0,2022-02-02 18:04:00,1643825040000000000,2022-02-02,18:04:00,1804,20220202
8,16,EVERYDAY mini vanille-ijsjes 12x50ml,1,1.89,1.89,ice cream,frozen foods,Wednesday,evening,supermarket,Colruyt,False,True,103,48,54,118.65543,5,2,2,8,1,0,2022-02-02 18:04:00,1643825040000000000,2022-02-02,18:04:00,1804,20220202
8,17,144G DDL IJSPRALINES 12S,1,3.99,3.99,ice cream,frozen foods,Thursday,afternoon,supermarket,Delhaize,False,True,104,48,8,16.48,3,2,3,8,0,0,2022-02-03 15:12:00,1643901120000000000,2022-02-03,15:12:00,1512,20220203
1,1,WOKGROENTEN 400G,1,1.45,1.45,vegetable mix,fruit & vegetables,Tuesday,evening,supermarket,Aldi,False,False,105,53,44,78.07517,4,2,1,9,1,0,2021-11-23 18:41:00,1637692860000000000,2021-11-23,18:41:00,1841,20211123
1,1,NOTENSLA 75G,1,0.79,0.79,salad,fruit & vegetables,Tuesday,evening,supermarket,Aldi,False,False,106,54,44,78.07517,4,2,1,9,1,0,2021-11-23 18:41:00,1637692860000000000,2021-11-23,18:41:00,1841,20211123
1,1,KIWI SUNGOLD ZESPRI 50,1,2.99,2.99,kiwis,fruit & vegetables,Tuesday,evening,supermarket,Aldi,False,False,107,55,44,78.07517,4,2,1,9,1,0,2021-11-23 18:41:00,1637692860000000000,2021-11-23,18:41:00,1841,20211123
1,1,WITTE DRUIVEN 500G,1,2.35,2.35,grapes,fruit & vegetables,Tuesday,evening,supermarket,Aldi,False,False,108,56,44,78.07517,4,2,1,9,1,0,2021-11-23 18:41:00,1637692860000000000,2021-11-23,18:41:00,1841,20211123
1,1,KOMKOMMER,1,1.19,1.19,cucumber,fruit & vegetables,Tuesday,evening,supermarket,Aldi,False,False,109,57,44,78.07517,4,2,1,9,1,0,2021-11-23 18:41:00,1637692860000000000,2021-11-23,18:41:00,1841,20211123
1,1,BIO PUNTPAPRIKA 2ST,1,1.75,1.75,bell peppers,fruit & vegetables,Tuesday,evening,supermarket,Aldi,False,False,110,58,44,78.07517,4,2,1,9,1,0,2021-11-23 18:41:00,1637692860000000000,2021-11-23,18:41:00,1841,20211123
2,4,EVERYDAY champignons middelgroot 500g,1,1.49,1.49,mushrooms,fruit & vegetables,Wednesday,evening,supermarket,Colruyt,False,False,111,59,53,83.10005199999999,5,2,2,9,1,0,2021-12-01 19:00:00,1638385200000000000,2021-12-01,19:00:00,1900,20211201
2,4,BONI witte druiven pitloos 500g,1,1.68,1.68,grapes,fruit & vegetables,Wednesday,evening,supermarket,Colruyt,False,True,112,56,53,83.10005199999999,5,2,2,9,1,0,2021-12-01 19:00:00,1638385200000000000,2021-12-01,19:00:00,1900,20211201
2,4,wortelen los,1,0.1931199999999999,0.1931199999999999,carrots,fruit & vegetables,Wednesday,evening,supermarket,Colruyt,False,False,113,60,53,83.10005199999999,5,2,2,9,1,0,2021-12-01 19:00:00,1638385200000000000,2021-12-01,19:00:00,1900,20211201
2,4,BONI Royal Gala appelen 6st W,1,2.69304,2.69304,apples,fruit & vegetables,Wednesday,evening,supermarket,Colruyt,False,False,114,61,53,83.10005199999999,5,2,2,9,1,0,2021-12-01 19:00:00,1638385200000000000,2021-12-01,19:00:00,1900,20211201
3,7,MINI ROMA TROSTOMATEN,1,2.69,2.69,tomatoes,fruit & vegetables,Tuesday,afternoon,supermarket,Aldi,False,False,115,62,24,57.44,4,2,1,9,0,0,2021-12-07 17:16:00,1638897360000000000,2021-12-07,17:16:00,1716,20211207
3,7,KIWI SUNGOLD ZESPRI 50,1,2.99,2.99,kiwis,fruit & vegetables,Tuesday,afternoon,supermarket,Aldi,False,True,107,55,24,57.44,4,2,1,9,0,0,2021-12-07 17:16:00,1638897360000000000,2021-12-07,17:16:00,1716,20211207
3,7,BASILICUM 18G 07340,1,0.69,0.69,basil,fruit & vegetables,Tuesday,afternoon,supermarket,Aldi,False,False,116,63,24,57.44,4,2,1,9,0,0,2021-12-07 17:16:00,1638897360000000000,2021-12-07,17:16:00,1716,20211207
3,7,JAZZ APPELEN PER KG,1,1.9,1.9,apples,fruit & vegetables,Tuesday,afternoon,supermarket,Aldi,False,True,117,61,24,57.44,4,2,1,9,0,0,2021-12-07 17:16:00,1638897360000000000,2021-12-07,17:16:00,1716,20211207
4,9,SOEPGR BASIS,1,1.69,1.69,vegetable mix,fruit & vegetables,Monday,afternoon,supermarket,Albert Heijn,False,True,118,53,5,11.31,1,2,0,9,0,0,2021-12-17 15:06:00,1639753560000000000,2021-12-17,15:06:00,1506,20211217
4,9,KIWI SUNGOLD,1,5.49,5.49,kiwis,fruit & vegetables,Monday,afternoon,supermarket,Albert Heijn,False,True,119,55,5,11.31,1,2,0,9,0,0,2021-12-17 15:06:00,1639753560000000000,2021-12-17,15:06:00,1506,20211217
5,10,tomaten extra los,1,0.63,0.63,tomatoes,fruit & vegetables,Monday,evening,supermarket,Colruyt,False,True,120,62,39,59.076885,1,2,2,9,1,0,2022-01-10 18:45:00,1641840300000000000,2022-01-10,18:45:00,1845,20220110
5,10,uien los ,1,0.2312,0.2312,onions,fruit & vegetables,Monday,evening,supermarket,Colruyt,False,False,121,64,39,59.076885,1,2,2,9,1,0,2022-01-10 18:45:00,1641840300000000000,2022-01-10,18:45:00,1845,20220110
5,10,EVERYDAY champignons fijn 250gt,1,0.85,0.85,mushrooms,fruit & vegetables,Monday,evening,supermarket,Colruyt,False,True,122,59,39,59.076885,1,2,2,9,1,0,2022-01-10 18:45:00,1641840300000000000,2022-01-10,18:45:00,1845,20220110
5,10,BONI witte druiven pitloos 500g,1,1.74,1.74,grapes,fruit & vegetables,Monday,evening,supermarket,Colruyt,False,True,112,56,39,59.076885,1,2,2,9,1,0,2022-01-10 18:45:00,1641840300000000000,2022-01-10,18:45:00,1845,20220110
5,10,EVERYDAY knoflook 250g,1,1.29,1.29,garlic,fruit & vegetables,Monday,evening,supermarket,Colruyt,False,False,123,65,39,59.076885,1,2,2,9,1,0,2022-01-10 18:45:00,1641840300000000000,2022-01-10,18:45:00,1845,20220110
5,10,komkommer,1,0.75,0.75,cucumber,fruit & vegetables,Monday,evening,supermarket,Colruyt,False,True,124,57,39,59.076885,1,2,2,9,1,0,2022-01-10 18:45:00,1641840300000000000,2022-01-10,18:45:00,1845,20220110
5,10,paprika punt zoet rood los,1,0.58882,0.58882,bell peppers,fruit & vegetables,Monday,evening,supermarket,Colruyt,False,True,125,58,39,59.076885,1,2,2,9,1,0,2022-01-10 18:45:00,1641840300000000000,2022-01-10,18:45:00,1845,20220110
5,10,"BONI bananen ca1,2kg",1,0.914,0.914,bananas,fruit & vegetables,Monday,evening,supermarket,Colruyt,False,False,126,66,39,59.076885,1,2,2,9,1,0,2022-01-10 18:45:00,1641840300000000000,2022-01-10,18:45:00,1845,20220110
6,11,EVERYDAY champignons fijn 250g,1,0.85,0.85,mushrooms,fruit & vegetables,Monday,evening,supermarket,Colruyt,False,True,127,59,46,82.691596,1,2,2,9,1,0,2022-01-17 18:16:00,1642443360000000000,2022-01-17,18:16:00,1816,20220117
6,11,BONI witte druiven pitloos 500g,1,1.78,1.78,grapes,fruit & vegetables,Monday,evening,supermarket,Colruyt,False,True,112,56,46,82.691596,1,2,2,9,1,0,2022-01-17 18:16:00,1642443360000000000,2022-01-17,18:16:00,1816,20220117
6,11,komkommer,1,0.75,0.75,cucumber,fruit & vegetables,Monday,evening,supermarket,Colruyt,False,True,124,57,46,82.691596,1,2,2,9,1,0,2022-01-17 18:16:00,1642443360000000000,2022-01-17,18:16:00,1816,20220117
6,11,BONI jonagored appelen 6st W,1,2.00194,2.00194,apples,fruit & vegetables,Monday,evening,supermarket,Colruyt,False,True,128,61,46,82.691596,1,2,2,9,1,0,2022-01-17 18:16:00,1642443360000000000,2022-01-17,18:16:00,1816,20220117
7,12,EVERYDAY cocktail tomaten 500g,1,1.98,1.98,tomatoes,fruit & vegetables,Wednesday,afternoon,supermarket,Colruyt,False,True,129,62,28,57.116077,5,2,2,9,0,0,2022-01-26 16:58:00,1643216280000000000,2022-01-26,16:58:00,1658,20220126
7,12,Uien los,1,0.246,0.246,onions,fruit & vegetables,Wednesday,afternoon,supermarket,Colruyt,False,True,130,64,28,57.116077,5,2,2,9,0,0,2022-01-26 16:58:00,1643216280000000000,2022-01-26,16:58:00,1658,20220126
7,12,EVERYDAY champignons middelgroot 500g,1,1.49,1.49,mushrooms,fruit & vegetables,Wednesday,afternoon,supermarket,Colruyt,False,True,111,59,28,57.116077,5,2,2,9,0,0,2022-01-26 16:58:00,1643216280000000000,2022-01-26,16:58:00,1658,20220126
7,12,BONI witte druiven pitloos 500g,1,1.6,1.6,grapes,fruit & vegetables,Wednesday,afternoon,supermarket,Colruyt,False,True,112,56,28,57.116077,5,2,2,9,0,0,2022-01-26 16:58:00,1643216280000000000,2022-01-26,16:58:00,1658,20220126
7,12,PAKSOI,1,1.39,1.39,bok choy,fruit & vegetables,Wednesday,afternoon,supermarket,Colruyt,False,False,131,67,28,57.116077,5,2,2,9,0,0,2022-01-26 16:58:00,1643216280000000000,2022-01-26,16:58:00,1658,20220126
7,12,BONI Jonagored appelen 6st W,1,1.9303,1.9303,apples,fruit & vegetables,Wednesday,afternoon,supermarket,Colruyt,False,True,132,61,28,57.116077,5,2,2,9,0,0,2022-01-26 16:58:00,1643216280000000000,2022-01-26,16:58:00,1658,20220126
8,16,EVERYDAY wokmixgroenten 400g,1,1.39,1.39,vegetable mix,fruit & vegetables,Wednesday,evening,supermarket,Colruyt,False,True,133,53,54,118.65543,5,2,2,9,1,0,2022-02-02 18:04:00,1643825040000000000,2022-02-02,18:04:00,1804,20220202
8,16,ijsbergsla 1stuk,1,0.89,0.89,salad,fruit & vegetables,Wednesday,evening,supermarket,Colruyt,False,True,134,54,54,118.65543,5,2,2,9,1,0,2022-02-02 18:04:00,1643825040000000000,2022-02-02,18:04:00,1804,20220202
8,16,BONI AARDAPPELPARTIJ+SCHIL TIJ.ROZ 425g,1,1.19,1.19,potatoes,fruit & vegetables,Wednesday,evening,supermarket,Colruyt,False,False,135,68,54,118.65543,5,2,2,9,1,0,2022-02-02 18:04:00,1643825040000000000,2022-02-02,18:04:00,1804,20220202
8,16,BONI Jonagored appelen 6st W,1,1.99398,1.99398,apples,fruit & vegetables,Wednesday,evening,supermarket,Colruyt,False,True,132,61,54,118.65543,5,2,2,9,1,0,2022-02-02 18:04:00,1643825040000000000,2022-02-02,18:04:00,1804,20220202
1,1,MR PROPER ALLESREINIGER,1,2.25,2.25,all-purpose cleaner,household,Tuesday,evening,supermarket,Aldi,False,False,136,69,44,78.07517,4,2,1,10,1,0,2021-11-23 18:41:00,1637692860000000000,2021-11-23,18:41:00,1841,20211123
2,4,EVERYDAY toiletpapier 4l 152v 6r,1,1.44,1.44,toilet paper,household,Wednesday,evening,supermarket,Colruyt,False,False,137,70,53,83.10005199999999,5,2,2,10,1,0,2021-12-01 19:00:00,1638385200000000000,2021-12-01,19:00:00,1900,20211201
3,7,BRITA WATERFILTER 30C,1,10.0,10.0,water filters,household,Tuesday,afternoon,supermarket,Aldi,False,False,138,71,24,57.44,4,2,1,10,0,0,2021-12-07 17:16:00,1638897360000000000,2021-12-07,17:16:00,1716,20211207
4,9,TOILETPAPIER,1,2.19,2.19,toilet paper,household,Monday,afternoon,supermarket,Albert Heijn,False,True,139,70,5,11.31,1,2,0,10,0,0,2021-12-17 15:06:00,1639753560000000000,2021-12-17,15:06:00,1506,20211217
6,11,BONI keukenrollen classic 3l 64V 6rol,1,2.8,2.8,paper towels,household,Monday,evening,supermarket,Colruyt,False,False,140,72,46,82.691596,1,2,2,10,1,0,2022-01-17 18:16:00,1642443360000000000,2022-01-17,18:16:00,1816,20220117
8,16,BRITA Maxtra+ 4pack patronen,1,29.95,29.95,water filters,household,Wednesday,evening,supermarket,Colruyt,False,True,141,71,54,118.65543,5,2,2,10,1,0,2022-02-02 18:04:00,1643825040000000000,2022-02-02,18:04:00,1804,20220202
8,16,EVERYDAY toiletpapier sterk 3l 180v 12r,1,2.36,2.36,toilet paper,household,Wednesday,evening,supermarket,Colruyt,False,True,142,70,54,118.65543,5,2,2,10,1,0,2022-02-02 18:04:00,1643825040000000000,2022-02-02,18:04:00,1804,20220202
8,16,PMD-ZAKKEN IGEAN 20 stuks,1,2.5,2.5,garbage bags,household,Wednesday,evening,supermarket,Colruyt,False,False,143,73,54,118.65543,5,2,2,10,1,0,2022-02-02 18:04:00,1643825040000000000,2022-02-02,18:04:00,1804,20220202
1,1,MARTINO OF AMERICANO,1,1.39,1.39,meat spread,"meat, fish & veggie",Tuesday,evening,supermarket,Aldi,False,False,144,74,44,78.07517,4,2,1,11,1,0,2021-11-23 18:41:00,1637692860000000000,2021-11-23,18:41:00,1841,20211123
1,1,LASAGNE,2,1.15,2.3,lasagna,"meat, fish & veggie",Tuesday,evening,supermarket,Aldi,False,False,145,75,44,78.07517,4,2,1,11,1,0,2021-11-23 18:41:00,1637692860000000000,2021-11-23,18:41:00,1841,20211123
1,1,KIPFILET IN REEPJES,1,4.49,4.49,chicken,"meat, fish & veggie",Tuesday,evening,supermarket,Aldi,False,False,146,76,44,78.07517,4,2,1,11,1,0,2021-11-23 18:41:00,1637692860000000000,2021-11-23,18:41:00,1841,20211123
1,1,KALKOENMEDAILLONS,1,4.99,4.99,chicken,"meat, fish & veggie",Tuesday,evening,supermarket,Aldi,False,True,147,76,44,78.07517,4,2,1,11,1,0,2021-11-23 18:41:00,1637692860000000000,2021-11-23,18:41:00,1841,20211123
1,1,ITALIAANSE ANTIPASTI 1,1,3.99,3.99,charcuterie,"meat, fish & veggie",Tuesday,evening,supermarket,Aldi,False,False,148,77,44,78.07517,4,2,1,11,1,0,2021-11-23 18:41:00,1637692860000000000,2021-11-23,18:41:00,1841,20211123
1,1,RUNDHAMBURGERS,1,2.99,2.99,hamburgers,"meat, fish & veggie",Tuesday,evening,supermarket,Aldi,False,False,149,78,44,78.07517,4,2,1,11,1,0,2021-11-23 18:41:00,1637692860000000000,2021-11-23,18:41:00,1841,20211123
1,1,SPEKREEPJES 2X100G,1,1.45,1.45,bacon,"meat, fish & veggie",Tuesday,evening,supermarket,Aldi,False,False,150,79,44,78.07517,4,2,1,11,1,0,2021-11-23 18:41:00,1637692860000000000,2021-11-23,18:41:00,1841,20211123
2,4,chipolata varken,1,3.0771,3.0771,pork,"meat, fish & veggie",Wednesday,evening,supermarket,Colruyt,False,False,151,80,53,83.10005199999999,5,2,2,11,1,0,2021-12-01 19:00:00,1638385200000000000,2021-12-01,19:00:00,1900,20211201
2,4,bereid gehakt varken+kalf,1,5.040792,5.040792,minced meat,"meat, fish & veggie",Wednesday,evening,supermarket,Colruyt,False,False,152,81,53,83.10005199999999,5,2,2,11,1,0,2021-12-01 19:00:00,1638385200000000000,2021-12-01,19:00:00,1900,20211201
2,4,BONI Antipasto Italiano 150g,1,4.34,4.34,charcuterie,"meat, fish & veggie",Wednesday,evening,supermarket,Colruyt,False,True,153,77,53,83.10005199999999,5,2,2,11,1,0,2021-12-01 19:00:00,1638385200000000000,2021-12-01,19:00:00,1900,20211201
3,7,GEDROOGDE WORSTJES 120,1,1.79,1.79,sausages,"meat, fish & veggie",Tuesday,afternoon,supermarket,Aldi,False,False,154,82,24,57.44,4,2,1,11,0,0,2021-12-07 17:16:00,1638897360000000000,2021-12-07,17:16:00,1716,20211207
3,7,GEVULDE PASTA 250G,1,1.79,1.79,pasta,"meat, fish & veggie",Tuesday,afternoon,supermarket,Aldi,False,False,155,83,24,57.44,4,2,1,11,0,0,2021-12-07 17:16:00,1638897360000000000,2021-12-07,17:16:00,1716,20211207
3,7,LASAGNE 400G,1,1.15,1.15,lasagna,"meat, fish & veggie",Tuesday,afternoon,supermarket,Aldi,False,True,156,75,24,57.44,4,2,1,11,0,0,2021-12-07 17:16:00,1638897360000000000,2021-12-07,17:16:00,1716,20211207
3,7,KIPPENONDERBOUTEN,1,2.79,2.79,chicken,"meat, fish & veggie",Tuesday,afternoon,supermarket,Aldi,False,True,157,76,24,57.44,4,2,1,11,0,0,2021-12-07 17:16:00,1638897360000000000,2021-12-07,17:16:00,1716,20211207
3,7,ITALIAANSE ANTIPASTI 1,1,3.99,3.99,charcuterie,"meat, fish & veggie",Tuesday,afternoon,supermarket,Aldi,False,True,148,77,24,57.44,4,2,1,11,0,0,2021-12-07 17:16:00,1638897360000000000,2021-12-07,17:16:00,1716,20211207
4,8,ITALIAANSE ANTIPASTI 1,1,3.99,3.99,charcuterie,"meat, fish & veggie",Monday,afternoon,supermarket,Aldi,False,True,148,77,3,5.07,1,2,1,11,0,0,2021-12-13 17:01:00,1639414860000000000,2021-12-13,17:01:00,1701,20211213
5,10,BONI quiche lorraine 300g,1,2.79,2.79,quiche,"meat, fish & veggie",Monday,evening,supermarket,Colruyt,False,False,158,84,39,59.076885,1,2,2,11,1,0,2022-01-10 18:45:00,1641840300000000000,2022-01-10,18:45:00,1845,20220110
5,10,kippenblokjes natuur 1 verp. Ca500g,1,3.237,3.237,chicken,"meat, fish & veggie",Monday,evening,supermarket,Colruyt,False,True,159,76,39,59.076885,1,2,2,11,1,0,2022-01-10 18:45:00,1641840300000000000,2022-01-10,18:45:00,1845,20220110
5,10,BONI antipasto italiano 150g,1,4.65,4.65,charcuterie,"meat, fish & veggie",Monday,evening,supermarket,Colruyt,False,True,160,77,39,59.076885,1,2,2,11,1,0,2022-01-10 18:45:00,1641840300000000000,2022-01-10,18:45:00,1845,20220110
5,10,hamburger rund-varken,1,2.165865,2.165865,hamburgers,"meat, fish & veggie",Monday,evening,supermarket,Colruyt,False,True,161,78,39,59.076885,1,2,2,11,1,0,2022-01-10 18:45:00,1641840300000000000,2022-01-10,18:45:00,1845,20220110
6,11,varkensbrochette,1,4.887996,4.887996,pork,"meat, fish & veggie",Monday,evening,supermarket,Colruyt,False,True,162,80,46,82.691596,1,2,2,11,1,0,2022-01-17 18:16:00,1642443360000000000,2022-01-17,18:16:00,1816,20220117
6,11,BONI lasagne bolognese 1kg,1,3.99,3.99,lasagna,"meat, fish & veggie",Monday,evening,supermarket,Colruyt,False,True,163,75,46,82.691596,1,2,2,11,1,0,2022-01-17 18:16:00,1642443360000000000,2022-01-17,18:16:00,1816,20220117
6,11,kippenescalope ca400g,1,2.59392,2.59392,chicken,"meat, fish & veggie",Monday,evening,supermarket,Colruyt,False,True,164,76,46,82.691596,1,2,2,11,1,0,2022-01-17 18:16:00,1642443360000000000,2022-01-17,18:16:00,1816,20220117
6,11,BONI Antipasto Italiano 150g,1,4.65,4.65,charcuterie,"meat, fish & veggie",Monday,evening,supermarket,Colruyt,False,True,153,77,46,82.691596,1,2,2,11,1,0,2022-01-17 18:16:00,1642443360000000000,2022-01-17,18:16:00,1816,20220117
6,11,bereid gehakt rund+varken,1,5.6897400000000005,5.6897400000000005,minced meat,"meat, fish & veggie",Monday,evening,supermarket,Colruyt,False,True,165,81,46,82.691596,1,2,2,11,1,0,2022-01-17 18:16:00,1642443360000000000,2022-01-17,18:16:00,1816,20220117
6,11,EVERYDAY gerookte spekblokjes 250g,1,1.66,1.66,bacon,"meat, fish & veggie",Monday,evening,supermarket,Colruyt,False,True,166,79,46,82.691596,1,2,2,11,1,0,2022-01-17 18:16:00,1642443360000000000,2022-01-17,18:16:00,1816,20220117
7,12,borstfilet van eend,1,6.740817,6.740817,duck,"meat, fish & veggie",Wednesday,afternoon,supermarket,Colruyt,False,False,167,85,28,57.116077,5,2,2,11,0,0,2022-01-26 16:58:00,1643216280000000000,2022-01-26,16:58:00,1658,20220126
7,12,hele dij van braadkip,1,2.41902,2.41902,chicken,"meat, fish & veggie",Wednesday,afternoon,supermarket,Colruyt,False,True,168,76,28,57.116077,5,2,2,11,0,0,2022-01-26 16:58:00,1643216280000000000,2022-01-26,16:58:00,1658,20220126
7,12,BONI antipasto italiano 150g,1,4.65,4.65,charcuterie,"meat, fish & veggie",Wednesday,afternoon,supermarket,Colruyt,False,True,160,77,28,57.116077,5,2,2,11,0,0,2022-01-26 16:58:00,1643216280000000000,2022-01-26,16:58:00,1658,20220126
7,12,bereid gehakt rund+varken,1,4.81194,4.81194,minced meat,"meat, fish & veggie",Wednesday,afternoon,supermarket,Colruyt,True,True,165,81,28,57.116077,5,2,2,11,0,1,2022-01-26 16:58:00,1643216280000000000,2022-01-26,16:58:00,1658,20220126
8,16,BONI quiche lorraine 300g,1,2.79,2.79,quiche,"meat, fish & veggie",Wednesday,evening,supermarket,Colruyt,False,True,158,84,54,118.65543,5,2,2,11,1,0,2022-02-02 18:04:00,1643825040000000000,2022-02-02,18:04:00,1804,20220202
8,16,kippenbovenbout ca.1kg,1,4.76595,4.76595,chicken,"meat, fish & veggie",Wednesday,evening,supermarket,Colruyt,False,True,169,76,54,118.65543,5,2,2,11,1,0,2022-02-02 18:04:00,1643825040000000000,2022-02-02,18:04:00,1804,20220202
8,16,gevogeltepita ca.400g,1,4.2298800000000005,4.2298800000000005,chicken,"meat, fish & veggie",Wednesday,evening,supermarket,Colruyt,False,True,170,76,54,118.65543,5,2,2,11,1,0,2022-02-02 18:04:00,1643825040000000000,2022-02-02,18:04:00,1804,20220202
8,16,BONI Antipasto Italiano 150g,1,4.65,4.65,charcuterie,"meat, fish & veggie",Wednesday,evening,supermarket,Colruyt,False,True,153,77,54,118.65543,5,2,2,11,1,0,2022-02-02 18:04:00,1643825040000000000,2022-02-02,18:04:00,1804,20220202
8,16,biefsteak chateaubriand,1,4.468500000000001,4.468500000000001,beef,"meat, fish & veggie",Wednesday,evening,supermarket,Colruyt,False,False,171,86,54,118.65543,5,2,2,11,1,0,2022-02-02 18:04:00,1643825040000000000,2022-02-02,18:04:00,1804,20220202
8,16,EVERYDAY gerookte spekblokjes 250g,1,1.66,1.66,bacon,"meat, fish & veggie",Wednesday,evening,supermarket,Colruyt,False,True,166,79,54,118.65543,5,2,2,11,1,0,2022-02-02 18:04:00,1643825040000000000,2022-02-02,18:04:00,1804,20220202
8,17,ITALIAANSE CHIPOLATA,1,3.31,3.31,sausages,"meat, fish & veggie",Thursday,afternoon,supermarket,Delhaize,False,True,172,82,8,16.48,3,2,3,11,0,0,2022-02-03 15:12:00,1643901120000000000,2022-02-03,15:12:00,1512,20220203
1,2,LIT BOX TC 30L,1,11.49,11.49,litterbox,non-food,Friday,afternoon,pet supplies,Tom&Co,False,False,173,87,2,12.48,0,1,7,12,0,0,2021-11-26 14:54:00,1637938440000000000,2021-11-26,14:54:00,1454,20211126
1,2,CATTOY SISAL MOUS,1,0.99,0.99,cat toy,non-food,Friday,afternoon,pet supplies,Tom&Co,False,False,174,88,2,12.48,0,1,7,12,0,0,2021-11-26 14:54:00,1637938440000000000,2021-11-26,14:54:00,1454,20211126
6,11,CLP hangtas 1st,1,2.99,2.99,bag,non-food,Monday,evening,supermarket,Colruyt,True,False,175,89,46,82.691596,1,2,2,12,1,1,2022-01-17 18:16:00,1642443360000000000,2022-01-17,18:16:00,1816,20220117
7,14,MUIS 5cm,1,0.99,0.99,pet toy,non-food,Thursday,afternoon,pet supplies,Maxi Zoo,False,False,176,90,3,26.97,3,1,5,12,0,0,2022-01-27 17:10:00,1643303400000000000,2022-01-27,17:10:00,1710,20220127
7,14,AN10 harnas 28-40,1,16.99,16.99,pet harness,non-food,Thursday,afternoon,pet supplies,Maxi Zoo,False,False,177,91,3,26.97,3,1,5,12,0,0,2022-01-27 17:10:00,1643303400000000000,2022-01-27,17:10:00,1710,20220127
7,14,MF HOUTKORRELS 20L,1,8.99,8.99,litterbox filling,non-food,Thursday,afternoon,pet supplies,Maxi Zoo,False,False,178,92,3,26.97,3,1,5,12,0,0,2022-01-27 17:10:00,1643303400000000000,2022-01-27,17:10:00,1710,20220127
1,1,SOEPPARELS 200G,1,1.29,1.29,soup pasta,pasta & rice,Tuesday,evening,supermarket,Aldi,False,False,179,93,44,78.07517,4,2,1,13,1,0,2021-11-23 18:41:00,1637692860000000000,2021-11-23,18:41:00,1841,20211123
2,4,BONI soepparels 200g,1,1.29,1.29,soup pasta,pasta & rice,Wednesday,evening,supermarket,Colruyt,False,True,180,93,53,83.10005199999999,5,2,2,13,1,0,2021-12-01 19:00:00,1638385200000000000,2021-12-01,19:00:00,1900,20211201
2,4,BONI rijst basmati 4x125g,1,0.89,0.89,rice,pasta & rice,Wednesday,evening,supermarket,Colruyt,False,False,181,94,53,83.10005199999999,5,2,2,13,1,0,2021-12-01 19:00:00,1638385200000000000,2021-12-01,19:00:00,1900,20211201
2,4,BONI farfaille 500g,2,0.79,1.58,pasta,pasta & rice,Wednesday,evening,supermarket,Colruyt,False,True,182,83,53,83.10005199999999,5,2,2,13,1,0,2021-12-01 19:00:00,1638385200000000000,2021-12-01,19:00:00,1900,20211201
3,7,SOEPPARELS 200G,1,1.29,1.29,soup pasta,pasta & rice,Tuesday,afternoon,supermarket,Aldi,False,True,179,93,24,57.44,4,2,1,13,0,0,2021-12-07 17:16:00,1638897360000000000,2021-12-07,17:16:00,1716,20211207
5,10,BONI rijst basmati 4x125g,2,0.89,1.78,rice,pasta & rice,Monday,evening,supermarket,Colruyt,False,True,181,94,39,59.076885,1,2,2,13,1,0,2022-01-10 18:45:00,1641840300000000000,2022-01-10,18:45:00,1845,20220110
5,10,BONI noodles wok 300g,1,1.45,1.45,noodles,pasta & rice,Monday,evening,supermarket,Colruyt,False,False,183,95,39,59.076885,1,2,2,13,1,0,2022-01-10 18:45:00,1641840300000000000,2022-01-10,18:45:00,1845,20220110
7,12,BONI soepparels 200g,1,1.35,1.35,soup pasta,pasta & rice,Wednesday,afternoon,supermarket,Colruyt,False,True,180,93,28,57.116077,5,2,2,13,0,0,2022-01-26 16:58:00,1643216280000000000,2022-01-26,16:58:00,1658,20220126
7,12,BONI farfalle 500g,1,0.74,0.74,pasta,pasta & rice,Wednesday,afternoon,supermarket,Colruyt,False,True,184,83,28,57.116077,5,2,2,13,0,0,2022-01-26 16:58:00,1643216280000000000,2022-01-26,16:58:00,1658,20220126
7,12,BONI tagliatelle eieren 500g,1,1.39,1.39,pasta,pasta & rice,Wednesday,afternoon,supermarket,Colruyt,False,True,185,83,28,57.116077,5,2,2,13,0,0,2022-01-26 16:58:00,1643216280000000000,2022-01-26,16:58:00,1658,20220126
7,12,BONI BIO parelcouscous 400g,1,2.69,2.69,couscous,pasta & rice,Wednesday,afternoon,supermarket,Colruyt,False,False,186,96,28,57.116077,5,2,2,13,0,0,2022-01-26 16:58:00,1643216280000000000,2022-01-26,16:58:00,1658,20220126
7,13,BAMI QUICK COOKING NOODLES WITH EGG LONG LIFE 500GR,1,2.4,2.4,noodles,pasta & rice,Thursday,afternoon,supermarket,Food Factory,False,True,187,95,14,61.85,3,2,4,13,0,0,2022-01-27 16:51:00,1643302260000000000,2022-01-27,16:51:00,1651,20220127
7,13,YUM YUM DUCK NOODLE 60GR,2,1.0,1.0,noodles,pasta & rice,Thursday,afternoon,supermarket,Food Factory,False,True,188,95,14,61.85,3,2,4,13,0,0,2022-01-27 16:51:00,1643302260000000000,2022-01-27,16:51:00,1651,20220127
1,1,GEDROOGDE WORSTJES,2,1.79,3.58,sausage snacks,snacks,Tuesday,evening,supermarket,Aldi,False,False,189,97,44,78.07517,4,2,1,14,1,0,2021-11-23 18:41:00,1637692860000000000,2021-11-23,18:41:00,1841,20211123
1,1,MILK JUMBO 7X21 4G,1,1.29,1.29,chocolate,snacks,Tuesday,evening,supermarket,Aldi,False,False,190,98,44,78.07517,4,2,1,14,1,0,2021-11-23 18:41:00,1637692860000000000,2021-11-23,18:41:00,1841,20211123
1,1,KROEPOEK 100G,1,0.79,0.79,chips,snacks,Tuesday,evening,supermarket,Aldi,False,False,191,99,44,78.07517,4,2,1,14,1,0,2021-11-23 18:41:00,1637692860000000000,2021-11-23,18:41:00,1841,20211123
1,1,CHIPEEZ 175G,1,0.99,0.99,chips,snacks,Tuesday,evening,supermarket,Aldi,False,True,192,99,44,78.07517,4,2,1,14,1,0,2021-11-23 18:41:00,1637692860000000000,2021-11-23,18:41:00,1841,20211123
1,1,SNOEPZAKJES 3PACK,1,1.79,1.79,candy,snacks,Tuesday,evening,supermarket,Aldi,False,False,193,100,44,78.07517,4,2,1,14,1,0,2021-11-23 18:41:00,1637692860000000000,2021-11-23,18:41:00,1841,20211123
1,1,PHANTASIA TROPIFRUTTI,1,1.49,1.49,candy,snacks,Tuesday,evening,supermarket,Aldi,False,True,194,100,44,78.07517,4,2,1,14,1,0,2021-11-23 18:41:00,1637692860000000000,2021-11-23,18:41:00,1841,20211123
1,1,CHOCOBISCUITS 9X33G,1,2.29,2.29,biscuits,snacks,Tuesday,evening,supermarket,Aldi,False,False,195,101,44,78.07517,4,2,1,14,1,0,2021-11-23 18:41:00,1637692860000000000,2021-11-23,18:41:00,1841,20211123
2,4,BONI koeken Orangicake 300g,1,0.99,0.99,cookies,snacks,Wednesday,evening,supermarket,Colruyt,False,False,196,102,53,83.10005199999999,5,2,2,14,1,0,2021-12-01 19:00:00,1638385200000000000,2021-12-01,19:00:00,1900,20211201
2,4,NESTLE CRUNCH chocolade 100g,2,1.19,2.38,chocolate,snacks,Wednesday,evening,supermarket,Colruyt,False,True,197,98,53,83.10005199999999,5,2,2,14,1,0,2021-12-01 19:00:00,1638385200000000000,2021-12-01,19:00:00,1900,20211201
2,4,BONI Ribble Chips Salt&Pepper 200g,1,0.71,0.71,chips,snacks,Wednesday,evening,supermarket,Colruyt,False,True,198,99,53,83.10005199999999,5,2,2,14,1,0,2021-12-01 19:00:00,1638385200000000000,2021-12-01,19:00:00,1900,20211201
2,4,EVERYDAY chips zout 200g,1,0.55,0.55,chips,snacks,Wednesday,evening,supermarket,Colruyt,False,True,199,99,53,83.10005199999999,5,2,2,14,1,0,2021-12-01 19:00:00,1638385200000000000,2021-12-01,19:00:00,1900,20211201
2,4,NAPOLEON fruit mix 340g,1,1.89,1.89,candy,snacks,Wednesday,evening,supermarket,Colruyt,False,True,200,100,53,83.10005199999999,5,2,2,14,1,0,2021-12-01 19:00:00,1638385200000000000,2021-12-01,19:00:00,1900,20211201
3,7,HAVERKOEKJES 300G,1,1.99,1.99,cookies,snacks,Tuesday,afternoon,supermarket,Aldi,False,True,201,102,24,57.44,4,2,1,14,0,0,2021-12-07 17:16:00,1638897360000000000,2021-12-07,17:16:00,1716,20211207
3,7,JAFFA CAKE 300G,1,0.99,0.99,cookies,snacks,Tuesday,afternoon,supermarket,Aldi,False,True,202,102,24,57.44,4,2,1,14,0,0,2021-12-07 17:16:00,1638897360000000000,2021-12-07,17:16:00,1716,20211207
3,7,"MILK JUMBO 7X21,4G",1,1.29,1.29,chocolate,snacks,Tuesday,afternoon,supermarket,Aldi,False,True,203,98,24,57.44,4,2,1,14,0,0,2021-12-07 17:16:00,1638897360000000000,2021-12-07,17:16:00,1716,20211207
3,7,RIBBELCHIPS 250G,1,0.89,0.89,chips,snacks,Tuesday,afternoon,supermarket,Aldi,False,True,204,99,24,57.44,4,2,1,14,0,0,2021-12-07 17:16:00,1638897360000000000,2021-12-07,17:16:00,1716,20211207
3,7,HARIBO KERSEN OF PERZI,1,1.49,1.49,candy,snacks,Tuesday,afternoon,supermarket,Aldi,False,True,205,100,24,57.44,4,2,1,14,0,0,2021-12-07 17:16:00,1638897360000000000,2021-12-07,17:16:00,1716,20211207
3,7,HARIBO KERSEN OF PERZI,1,1.49,1.49,candy,snacks,Tuesday,afternoon,supermarket,Aldi,False,True,205,100,24,57.44,4,2,1,14,0,0,2021-12-07 17:16:00,1638897360000000000,2021-12-07,17:16:00,1716,20211207
5,10,EVERYDAY chips zout 200g,1,0.55,0.55,chips,snacks,Monday,evening,supermarket,Colruyt,False,True,199,99,39,59.076885,1,2,2,14,1,0,2022-01-10 18:45:00,1641840300000000000,2022-01-10,18:45:00,1845,20220110
5,10,BONI kroepoek 100g,1,0.79,0.79,chips,snacks,Monday,evening,supermarket,Colruyt,False,True,206,99,39,59.076885,1,2,2,14,1,0,2022-01-10 18:45:00,1641840300000000000,2022-01-10,18:45:00,1845,20220110
5,10,DORITOS pure paprika 200g,1,1.61,1.61,chips,snacks,Monday,evening,supermarket,Colruyt,False,True,207,99,39,59.076885,1,2,2,14,1,0,2022-01-10 18:45:00,1641840300000000000,2022-01-10,18:45:00,1845,20220110
6,11,BONI crac&choc melkchocolade 10x33g,1,2.96,2.96,chocolate,snacks,Monday,evening,supermarket,Colruyt,False,True,208,98,46,82.691596,1,2,2,14,1,0,2022-01-17 18:16:00,1642443360000000000,2022-01-17,18:16:00,1816,20220117
6,11,EVERYDAY chips zout 200g,1,0.55,0.55,chips,snacks,Monday,evening,supermarket,Colruyt,False,True,199,99,46,82.691596,1,2,2,14,1,0,2022-01-17 18:16:00,1642443360000000000,2022-01-17,18:16:00,1816,20220117
6,11,BONI kroepoek 100g,1,0.79,0.79,chips,snacks,Monday,evening,supermarket,Colruyt,False,True,206,99,46,82.691596,1,2,2,14,1,0,2022-01-17 18:16:00,1642443360000000000,2022-01-17,18:16:00,1816,20220117
6,11,LAY's MIX paprika 125g,1,1.39,1.39,chips,snacks,Monday,evening,supermarket,Colruyt,False,True,209,99,46,82.691596,1,2,2,14,1,0,2022-01-17 18:16:00,1642443360000000000,2022-01-17,18:16:00,1816,20220117
6,11,DORITOS sweet chilli pepper 200g,1,1.61,1.61,chips,snacks,Monday,evening,supermarket,Colruyt,False,True,210,99,46,82.691596,1,2,2,14,1,0,2022-01-17 18:16:00,1642443360000000000,2022-01-17,18:16:00,1816,20220117
6,11,HARIBO kikkers 500g,1,1.98,1.98,candy,snacks,Monday,evening,supermarket,Colruyt,False,True,211,100,46,82.691596,1,2,2,14,1,0,2022-01-17 18:16:00,1642443360000000000,2022-01-17,18:16:00,1816,20220117
6,11,BONI snoep winegums 1kg,1,2.38,2.38,candy,snacks,Monday,evening,supermarket,Colruyt,False,True,212,100,46,82.691596,1,2,2,14,1,0,2022-01-17 18:16:00,1642443360000000000,2022-01-17,18:16:00,1816,20220117
7,12,BONI fizzy mix zuur 600g,1,2.99,2.99,candy,snacks,Wednesday,afternoon,supermarket,Colruyt,False,True,213,100,28,57.116077,5,2,2,14,0,0,2022-01-26 16:58:00,1643216280000000000,2022-01-26,16:58:00,1658,20220126
8,16,BAHLSEN PICK UP! Chocolade koek 10x28g,1,3.5,3.5,cookies,snacks,Wednesday,evening,supermarket,Colruyt,False,True,214,102,54,118.65543,5,2,2,14,1,0,2022-02-02 18:04:00,1643825040000000000,2022-02-02,18:04:00,1804,20220202
8,16,BONI koeken Orangicake 300g,1,0.99,0.99,cookies,snacks,Wednesday,evening,supermarket,Colruyt,False,True,196,102,54,118.65543,5,2,2,14,1,0,2022-02-02 18:04:00,1643825040000000000,2022-02-02,18:04:00,1804,20220202
8,16,BONI cassave chips 60g,2,0.95,1.9,chips,snacks,Wednesday,evening,supermarket,Colruyt,True,True,215,99,54,118.65543,5,2,2,14,1,1,2022-02-02 18:04:00,1643825040000000000,2022-02-02,18:04:00,1804,20220202
8,16,EVERYDAY chips zout 200g,1,0.55,0.55,chips,snacks,Wednesday,evening,supermarket,Colruyt,False,True,199,99,54,118.65543,5,2,2,14,1,0,2022-02-02 18:04:00,1643825040000000000,2022-02-02,18:04:00,1804,20220202
8,16,LAY'S SUPERCHIPS Salt 'n Pepper XL 250g,1,1.29,1.29,chips,snacks,Wednesday,evening,supermarket,Colruyt,False,True,216,99,54,118.65543,5,2,2,14,1,0,2022-02-02 18:04:00,1643825040000000000,2022-02-02,18:04:00,1804,20220202
8,16,HARIBO kikkers 500g,1,1.98,1.98,candy,snacks,Wednesday,evening,supermarket,Colruyt,False,True,211,100,54,118.65543,5,2,2,14,1,0,2022-02-02 18:04:00,1643825040000000000,2022-02-02,18:04:00,1804,20220202
8,17,KOETJESREEP CHOCOLADE,1,1.46,1.46,chocolate,snacks,Thursday,afternoon,supermarket,Delhaize,False,True,217,98,8,16.48,3,2,3,14,0,0,2022-02-03 15:12:00,1643901120000000000,2022-02-03,15:12:00,1512,20220203
8,17,185G DORITOS SWEET,1,1.85,1.85,chips,snacks,Thursday,afternoon,supermarket,Delhaize,False,True,218,99,8,16.48,3,2,3,14,0,0,2022-02-03 15:12:00,1643901120000000000,2022-02-03,15:12:00,1512,20220203
